CaseID,Role,OriginalFile,DestinationFile
TC-BB-002,result,Screenshot 2026-10-01 145422.png,TC-BB-002.png
TC-BB-003,result,Screenshot 2026-10-01 145432.png,TC-BB-003.png
TC-BB-004,result,Screenshot 2026-10-01 145439.png,TC-BB-004.png
TC-BB-005,result,Screenshot 2026-09-30 162149.png,TC-BB-005.png
TC-BB-006,result,Screenshot 2026-09-30 162835.png,TC-BB-006.png
TC-BB-007,result,Screenshot 2026-09-30 163507.png,TC-BB-007.png
TC-BB-008,result,Screenshot 2026-09-30 194936.png,TC-BB-008.png
TC-BB-009,result,Screenshot 2026-09-30 195541.png,TC-BB-009.png
TC-BB-010,result,Screenshot 2026-09-30 200903.png,TC-BB-010.png
TC-BB-011,list,Screenshot 2026-09-30 202856.png,TC-BB-011-list.png
TC-BB-011,edit-form,Screenshot 2026-09-30 203209.png,TC-BB-011-edit-form.png
TC-BB-012,result,Screenshot 2026-09-30 203754.png,TC-BB-012.png
TC-BB-013,result,Screenshot 2026-09-30 204845.png,TC-BB-013.png
TC-BB-014,result,Screenshot 2026-09-30 205408.png,TC-BB-014.png
TC-BB-015,result,Screenshot 2026-09-30 210042.png,TC-BB-015.png
TC-BB-016,done-list,Screenshot 2026-09-30 212029.png,TC-BB-016-done-list.png
TC-BB-016,done-dashboard,Screenshot 2026-09-30 212038.png,TC-BB-016-done-dashboard.png
TC-BB-016,reopened-dashboard,Screenshot 2026-09-30 212053.png,TC-BB-016-reopened-dashboard.png
TC-BB-017,list,Screenshot 2026-09-30 212631.png,TC-BB-017-list.png
TC-BB-017,dashboard,Screenshot 2026-09-30 212640.png,TC-BB-017-dashboard.png
TC-BB-018,account-b-view-1,Screenshot 2026-09-30 214642.png,TC-BB-018-account-b-view-1.png
TC-BB-018,account-b-view-2,Screenshot 2026-09-30 214711.png,TC-BB-018-account-b-view-2.png
TC-BB-019,result,Screenshot 2026-09-30 220019.png,TC-BB-019.png
TC-BB-020,result,Screenshot 2026-09-30 220952.png,TC-BB-020.png
TC-BB-021,result,Screenshot 2026-09-30 221725.png,TC-BB-021.png
TC-BB-022,result,Screenshot 2026-09-30 222359.png,TC-BB-022.png
TC-BB-023,result,Screenshot 2026-09-30 223203.png,TC-BB-023.png
TC-BB-024,result,Screenshot 2026-09-30 231157.png,TC-BB-024.png
TC-BB-025,result,Screenshot 2026-09-30 233000.png,TC-BB-025.png
TC-BB-026,result,Screenshot 2026-09-30 234706.png,TC-BB-026.png
TC-BB-027,setup-personal-done,Screenshot 2026-09-30 235558.png,TC-BB-027-setup-personal-done.png
TC-BB-027,result,Screenshot 2026-09-30 235641.png,TC-BB-027.png
TC-BB-028,setup-all-unfiltered,Screenshot 2026-10-01 000908.png,TC-BB-028-setup-all-unfiltered.png
TC-BB-028,setup-personal-category,Screenshot 2026-10-01 001313.png,TC-BB-028-setup-personal-category.png
TC-BB-028,setup-all-unfiltered-2,Screenshot 2026-10-01 001658.png,TC-BB-028-setup-all-unfiltered-2.png
TC-BB-028,result,Screenshot 2026-10-01 001852.png,TC-BB-028.png
TC-BB-029,result,Screenshot 2026-10-01 002428.png,TC-BB-029.png
